AT001C1;Wien;13001;13547;14107;14274;14133
AT002C1;Graz;5098;5389;5385;5321;5065
AT003C1;Linz;5333;5896;6035;6106;5912
AT004C1;Salzburg;4935;5461;5559;5731;5574
AT005C1;Innsbruck;7196;7727;8008;8115;7992
AT006C1;Klagenfurt;3448;3864;3873;4000;3856
BE001C1;Bruxelles / Brussel;11466;12227;12728;12784;12809
BE002C1;Antwerpen;7806;7954;8097;7813;7559
BE003C1;Gent;4365;4330;4325;4075;3918
BE004C1;Charleroi;3073;3259;3383;3437;3436
BE005C1;Liège;3966;4077;4152;4027;3882
BE006C1;Brugge;2938;3012;3035;2970;2903
BE007C1;Namur;2259;2265;2240;2085;1966
BE008C1;Leuven;3302;3755;4041;4390;4561
BE009C1;Mons;1939;2284;2492;2762;2837
BE010C1;Kortrijk;2098;2351;2481;2645;2686
BE011C1;Oostende;5001;5381;5555;5673;5650
BG001C1;Sofia;6947;7084;6968;6952;6813
BG002C1;Plovdiv;8485;8208;7555;7207;6639
BG003C1;Varna;4213;3926;3593;3410;3167
BG004C1;Burgas;5626;5357;4981;4752;4446
BG005C1;Pleven;7677;6854;5947;5317;4590
BG006C1;Ruse;6107;5544;4901;4460;4002
BG007C1;Vidin;3666;3321;2910;2657;2299
BG008C1;Stara Zagora;7510;7072;6531;6137;5685
BG009C1;Sliven;3944;4030;3859;4048;3912
BG010C1;Dobrich;6943;6424;5853;5447;4982
BG011C1;Shumen;5128;4807;4387;4150;3812
BG012C1;Pernik;3653;3861;3869;4062;4072
BG013C1;Yambol;6200;6314;6138;6423;6285
BG014C1;Haskovo;5231;5358;5029;5110;4813
BG015C1;Pazardzhik;8147;8184;7684;7684;7238
BG016C1;Blagoevgrad;7535;7742;7637;7705;7563
BG017C1;Veliko Tarnovo;6309;5798;5173;4810;4361
BG018C1;Vratsa;4729;4459;4018;3845;3445
CY001C1;Lefkosia;2892;3129;3191;3231;3264
CY501C1;Lemesos;3510;3783;3838;3909;3898
CZ001C1;Praha;4781;5085;5279;5373;5335
CZ002C1;Brno;3721;3924;3982;4030;3993
CZ003C1;Ostrava;3096;3197;3165;3181;3099
CZ004C1;Plzen;3161;3433;3505;3629;3579
CZ005C1;Ústí nad Labem;2270;2424;2463;2545;2564
CZ006C1;Olomouc;2957;3128;3154;3138;3071
CZ007C1;Liberec;2402;2600;2657;2734;2746
CZ008C1;Ceské Budejovice;3720;3925;3937;3989;3914
CZ009C1;Hradec Králové;2829;2961;2970;2953;2897
CZ010C1;Pardubice;2919;2982;2947;2868;2761
CZ011C1;Zlín;2141;2341;2399;2473;2462
CZ012C1;Kladno;4603;4753;4871;4855;4758
CZ013C1;Karlovy Vary;2311;2352;2342;2328;2295
CZ014C1;Jihlava;2849;3110;3196;3292;3317
CZ015C1;Havírov;4174;4349;4319;4357;4240
CZ016C1;Most;4832;5102;5140;5278;5223
CZ017C1;Karviná;3241;3292;3208;3160;3032
CZ018C2;Chomutov-Jirkov;4065;4109;4038;3980;3857
DE001C1;Berlin;8841;8682;8742;8448;8359
DE002C1;Hamburg;4926;5058;5051;5011;4879
DE003C1;München;6263;6775;7172;7444;7585
DE004C1;Köln;4758;4828;4842;4824;4723
DE005C1;Frankfurt am Main;6227;6358;6435;6382;6267
DE006C1;Essen;4151;4199;4214;4197;4102
DE007C1;Stuttgart;5311;5607;5724;5781;5704
DE008C1;Leipzig;3514;3542;3506;3449;3334
DE009C1;Dresden;2979;3041;2969;2870;2757
DE010C1;Dortmund;3362;3371;3356;3283;3110
DE011C1;Düsseldorf;4708;4748;4767;4723;4610
DE012C1;Bremen;3700;3760;3747;3682;3581
DE013C1;Hannover;4696;4673;4584;4369;4183
DE014C1;Nürnberg;5018;5159;5234;5228;5155
DE015C1;Bochum;3665;3679;3672;3586;3401
DE017C1;Bielefeld;2531;2685;2743;2809;2697
DE018C1;Halle an der Saale;3756;3597;3369;3153;2778
DE019C1;Magdeburg;3104;2935;2730;2522;2207
DE020C1;Wiesbaden;3835;4018;4130;4186;4161
DE021C1;Göttingen;3468;3565;3635;3604;3514
DE022C1;Mülheim a.d.Ruhr;4068;4179;4229;4298;4236
DE023C1;Moers;2711;2791;2815;2891;2847
DE025C1;Darmstadt;4201;4430;4564;4687;4676
DE026C1;Trier;2565;2763;2780;2796;2698
DE027C1;Freiburg im Breisgau;4509;4496;4460;4288;4128
DE028C1;Regensburg;3327;3622;3653;3763;3623
DE029C1;Frankfurt (Oder);1723;1950;2103;2318;2447
DE030C1;Weimar;2331;2368;2320;2261;2085
DE031C1;Schwerin;2645;2594;2402;2235;1986
DE032C1;Erfurt;2418;2294;2136;1938;1702
DE033C1;Augsburg;4528;4809;4936;5016;4945
DE034C1;Bonn;3706;3745;3755;3739;3658
DE035C1;Karlsruhe;4000;4097;4131;4130;4051
DE036C1;Mönchengladbach;2672;2691;2683;2707;2643
DE037C1;Mainz;4440;4504;4499;4391;4266
DE039C1;Kiel;3388;3420;3399;3316;3221
DE040C1;Saarbrücken;2533;2602;2666;2603;2470
DE041C1;Potsdam;2318;2505;2644;2795;2902
DE042C1;Koblenz;2490;2614;2658;2639;2485
DE043C1;Rostock;3658;3574;3307;3068;2717
DE044C1;Kaiserslautern;2930;3049;3090;3132;3080
DE045C1;Iserlohn;2453;2575;2604;2682;2585
DE046C1;Esslingen am Neckar;4082;4299;4399;4466;4415
DE047C1;Hanau;3173;3378;3507;3642;3664
DE048C1;Wilhelmshaven;2669;2660;2621;2563;2433
DE049C1;Ludwigsburg;4329;4596;4711;4801;4754
DE050C1;Tübingen;3643;3968;4102;4232;4185
DE051C1;Villingen-Schwenningen;3066;3382;3539;3771;3823
DE052C1;Flensburg;3203;3353;3404;3464;3424
DE053C1;Marburg;2716;2965;3158;3248;3200
DE054C1;Konstanz;3199;3425;3533;3662;3667
DE055C1;Neumünster;2339;2521;2593;2716;2720
DE056C1;Brandenburg an der Havel;1721;1979;2147;2414;2559
DE057C1;Gießen;2974;3213;3379;3433;3340
DE058C1;Lüneburg;2588;2792;2879;3014;3020
DE059C1;Bayreuth;3011;3404;3610;3740;3611
DE060C1;Celle;1885;2147;2274;2492;2537
DE061C1;Aschaffenburg;2913;3038;3082;3034;2878
DE062C1;Bamberg;3525;3752;3830;3810;3579
DE063C1;Plauen;2731;2866;2919;2992;2942
DE064C1;Neubrandenburg;3175;3197;3000;2880;2590
DE065C1;Fulda;1819;2042;2179;2277;2255
DE066C1;Kempten (Allgäu);3579;3987;4189;4437;4472
DE067C1;Landshut;2966;3635;3905;4401;4408
DE068C1;Sindelfingen;3921;4253;4405;4566;4571
DE069C1;Rosenheim;3080;3507;3813;4168;4350
DE070C1;Frankenthal (Pfalz);3181;3444;3561;3705;3724
DE071C1;Stralsund;2593;2629;2493;2418;2197
DE072C1;Friedrichshafen;2006;2332;2517;2734;2822
DE073C1;Offenburg;2570;2763;2862;2992;3009
DE074C1;Görlitz;2920;3115;3127;3180;3126
DE075C1;Sankt Augustin;2806;3041;3168;3351;3385
DE076C1;Neu-Ulm;2314;2503;2591;2682;2675
DE077C1;Schweinfurt;3683;3975;4117;4162;4025
DE078C1;Greifswald;3012;3070;2915;2839;2578
DE079C1;Wetzlar;2031;2253;2400;2505;2470
DE080C1;Speyer;3858;4264;4463;4740;4808
DE081C1;Passau;2034;2472;2646;2971;2967
DE082C1;Dessau-Roßlau;1743;1616;1419;1230;1021
DE501C1;Duisburg;3934;3995;4022;4024;3946
DE502C1;Mannheim;5237;5458;5556;5652;5596
DE503C1;Gelsenkirchen;4151;4411;4509;4559;4447
DE504C1;Münster;2862;3102;3185;3367;3311
DE505C1;Chemnitz;2582;2686;2705;2748;2671
DE506C1;Braunschweig;2831;2881;2907;2859;2769
DE507C1;Aachen;4078;4233;4298;4405;4363
DE508C1;Krefeld;3827;3914;3941;4005;3930
DE509C1;Oberhausen;4025;4177;4263;4351;4318
DE510C1;Lübeck;2929;3085;3139;3208;3176
DE511C1;Hagen;2954;3011;3043;3023;2907
DE513C1;Kassel;3898;4108;4217;4169;3997
DE514C1;Hamm;2207;2168;2083;2014;1857
DE515C1;Herne;4174;4205;4217;4112;3912
DE516C1;Solingen;3529;3748;3865;4089;4107
DE517C1;Osnabrück;2960;3141;3200;3294;3266
DE518C1;Ludwigshafen am Rhein;4673;4863;4926;4924;4845
DE519C1;Leverkusen;3127;3303;3388;3505;3507
DE520C1;Oldenburg (Oldenburg);2984;3129;3155;3216;3168
DE521C1;Neuss;3024;3044;3037;3030;2945
DE522C1;Heidelberg;4498;4738;4852;4993;4978
DE523C1;Paderborn;2740;3005;3104;3276;3181
DE524C1;Würzburg;3822;3993;4062;3995;3787
DE525C1;Recklinghausen;3131;3334;3395;3480;3391
DE526C1;Wolfsburg;1872;1883;1872;1850;1781
DE527C1;Bremerhaven;3495;3606;3625;3642;3548
DE528C1;Bottrop;2726;3005;3117;3283;3251
DE529C1;Heilbronn;3997;4261;4378;4488;4459
DE530C1;Remscheid;3134;3116;3073;3064;2944
DE531C1;Offenbach am Main;5337;5532;5652;5677;5619
DE532C1;Ulm;3046;3255;3335;3390;3328
DE533C1;Pforzheim;4482;4704;4802;4944;4909
DE534C1;Ingolstadt;2727;3284;3669;4157;4433
DE535C1;Gera;2493;2578;2540;2508;2319
DE536C1;Salzgitter;1777;1826;1830;1837;1785
DE537C1;Reutlingen;3280;3596;3736;3883;3858
DE538C1;Fürth;3192;3350;3445;3523;3513
DE539C1;Cottbus;2058;2368;2566;2903;3069
DE540C1;Siegen;2067;2084;2049;2052;1942
DE541C1;Bergisch Gladbach;2610;2767;2851;2988;2994
DE542C1;Hildesheim;3182;3274;3294;3301;3221
DE543C1;Witten;2218;2230;2213;2190;2074
DE544C1;Zwickau;2447;2560;2578;2618;2557
DE545C1;Erlangen;3074;3199;3272;3318;3297
DE546C1;Wuppertal;3613;3596;3577;3522;3413
DE547C1;Jena;3536;3693;3681;3663;3410
DK001K2;København;6056;5855;5927;5732;5580
DK002C1;Århus;2992;2898;2900;2749;2588
DK003C1;Odense;2220;2149;2120;2034;1949
DK004C2;Aalborg;1538;1542;1534;1517;1470
EE001C1;Tallinn;4024;4244;4049;4237;4139
EE002C1;Tartu;3388;3624;3467;3673;3597
EE003C1;Narva;3060;3266;3125;3312;3232
EL001K1;Athina;16312;15636;14539;13787;12919
EL002C1;Thessaloniki;21718;22818;21688;22898;23143
EL003C1;Pátra;6087;7636;7209;7938;7910
EL004C1;Irakleio;7881;9539;9370;10140;10236
EL005C1;Larisa;6221;6959;6555;7266;7557
EL006C1;Volos;6933;7690;7253;8098;8551
EL007C1;Ioannina;5035;6398;6144;7225;7943
EL008C1;Kavala;4331;5296;5088;5536;5552
EL009C1;Kalamata;4090;5896;5809;6641;6899
ES001C1;Madrid;23797;22901;21826;21098;20879
ES002K1;Barcelona;26934;25026;23413;21960;21361
ES003C1;Valencia;23690;21774;19998;18382;17601
ES004C1;Sevilla;16596;16275;15839;15234;14771
ES005C1;Zaragoza;23704;21915;20192;18975;18377
ES006C1;Málaga;17501;16645;15956;14897;14181
ES007C1;Murcia;10099;9272;8750;8105;7783
ES009C1;Valladolid;17271;15479;14005;12536;11611
ES010C1;Palma de Mallorca;14209;13397;12959;12093;11691
ES011C1;Santiago de Compostela;6199;5716;5272;4768;4515
ES012C1;Vitoria/Gasteiz;17865;17035;15886;14899;14444
ES013C1;Oviedo;16531;15358;14231;13114;12338
ES014C1;Pamplona/Iruña;17115;16786;16350;16195;16208
ES015C1;Santander;15503;14647;13875;12818;12136
ES016C1;Toledo;6237;5645;5294;4786;4438
ES017C1;Badajoz;9374;8671;8185;7609;7156
ES018C1;Logroño;23182;21162;19445;18001;17270
ES019K1;Bilbao;18587;17954;16844;16137;15807
ES020C1;Córdoba;14353;13800;13313;12701;12284
ES021C1;Alicante/Alacant;16947;15527;14224;12974;12328
ES022C1;Vigo;14250;13279;12243;11112;10505
ES023C1;Gijón;23268;21355;19643;17922;16714
ES026C1;A Coruña;19215;18294;17007;15827;15081
ES028C1;Reus;15746;14761;13875;13170;12936
ES030C1;Parla;24687;23578;22388;21432;20995
ES031C1;Lugo;10266;10357;9789;9687;9445
ES032C1;San Fernando;14238;14144;13908;13793;13648
ES033C1;Girona;11030;10535;10005;9776;9807
ES034C1;Cáceres;10091;9789;9396;9211;8782
ES035C1;Torrevieja;8111;7460;6868;6403;6211
ES036C1;Pozuelo de Alarcón;6397;6193;5965;5973;6053
ES037C1;Puerto de Santa María, El;7837;7572;7316;7118;7020
ES038C1;Coslada;18576;17584;16615;15725;15384
ES039C1;Avilés;13376;12867;12099;11708;11278
ES040C1;Talavera de la Reina;17239;15685;14725;13583;12750
ES041C1;Palencia;12591;11721;10812;10165;9678
ES042C1;Sant Boi de Llobregat;16474;15460;14541;13820;13605
ES043C1;Ferrol;7164;7001;6566;6290;6040
ES044C1;Pontevedra;8389;8280;7818;7728;7547
ES045C1;Ceuta;6747;8045;9457;11121;12883
ES046C1;Gandia;15447;14210;13019;11979;11468
ES047C1;Rozas de Madrid, Las;5059;4933;4761;4786;4889
ES048C1;Guadalajara;10869;10202;9765;9409;9020
ES050C1;Manresa;12914;12386;11773;11556;11567
ES053C1;Ciudad Real;14617;13466;12751;11930;11361
ES054C1;Benidorm;11506;10391;9447;8524;8034
ES055C1;Melilla;10703;14136;17944;22967;28345
ES056C1;Viladecans;15225;14235;13370;12637;12396
ES057C1;Ponferrada;8107;7589;6992;6622;6288
ES058C1;San Sebastián de los Reyes;16320;15015;13977;12914;12383
ES059C1;Zamora;10921;10132;9338;8811;8386
ES060C1;Fuengirola;16525;16228;15874;15500;15281
ES062C1;Sanlúcar de Barrameda;6384;6338;6189;6212;6193
ES063C1;Vilanova i la Geltrú;10221;9570;8966;8464;8280
ES065C1;Línea de la Concepción, La;8273;8228;8055;8008;7947
ES067C1;Majadahonda;9628;9228;8807;8578;8545
ES068C1;Torremolinos;8969;8596;8275;7828;7612
ES069C1;Castelldefels;8731;8261;7812;7524;7541
ES070C1;Irun;9152;9239;8813;8842;8930
ES071C1;Granollers;14636;13828;13074;12556;12470
ES073C1;Elda;14327;13345;12399;11680;11370
ES075C1;Mollet del Vallès;12549;12023;11439;11232;11265
ES501C1;Granada;15631;15574;15297;15114;14867
ES504C1;Móstoles;22837;21657;20496;19469;19044
ES505C1;Elche/Elx;19796;17965;16386;14812;13980
ES506C1;Cartagena;9136;8772;8467;8325;8272
ES508C1;Jerez de la Frontera;9473;9649;9531;9726;9729
ES509C1;Fuenlabrada;22056;20727;19545;18377;17837
ES510C1;San Sebastián/Donostia;12363;12404;11800;11823;11896
ES511C1;Alcalá de Henares;19732;18506;17422;16327;15869
ES512C1;Terrassa;13786;13057;12330;11852;11738
ES513C1;Leganés;24848;23456;22124;20823;19846
ES514C1;Almería;13793;13608;13287;13027;12715
ES515C1;Burgos;13440;12398;11398;10616;10056
ES516C1;Salamanca;18024;16304;14828;13481;12590
ES517C1;Alcorcón;26462;25027;23656;22330;21734
ES518C1;Getafe;17238;16264;15357;14488;13874
ES519C1;Albacete;19717;18094;17087;15847;14995
ES520C1;Castellón de la Plana/Castelló de la Plana;17704;16509;15216;14244;13722
ES521C1;Huelva;13701;13786;13626;13695;13633
ES522C1;Cádiz;15570;15225;14848;14379;14071
ES523C1;León;13571;12484;11444;10602;10000
ES525C1;Tarragona;11160;10451;9804;9347;9220
ES527C1;Jaén;17034;16844;16491;16175;15804
ES528C1;Lleida;13161;12542;11845;11435;11359
ES529C1;Ourense;9820;9558;8970;8626;8401
ES530C1;Mataró;17420;16349;15366;14598;14346
ES531C1;Dos Hermanas;8701;8481;8180;7742;7319
ES532C1;Algeciras;9440;9473;9307;9297;9251
ES533C1;Marbella;7754;7126;6741;6431;6313
ES534C1;Torrejón de Ardoz;12797;12182;11567;11010;10870
ES535C1;Alcobendas;20674;19303;18081;16908;16362
FI001K2;Helsinki / Helsingfors;3822;3829;3841;3633;3434
FI002C1;Tampere / Tammerfors;3068;2902;2813;2552;2383
FI003C1;Turku / Åbo;2810;2850;2877;2794;2691
FI004C2;Oulu / Uleåborg;1715;1687;1645;1566;1489
FI007C1;Lahti / Lahtis;2110;2120;2153;2101;2053
FI008C1;Kuopio;2106;2204;2199;2204;2143
FI009C1;Jyväskylä;1413;1393;1372;1323;1282
FR001K1;Paris;17452;17846;18217;18353;18280
FR003C2;Lyon;9039;9420;9515;9469;9216
FR004C2;Toulouse;6087;6410;6463;6577;6416
FR006C2;Strasbourg;6519;6574;6542;6298;6044
FR007C1;Bordeaux;5281;5493;5533;5626;5462
FR008C1;Nantes;4687;4880;4931;5011;4873
FR009C1;Lille;5646;5737;5700;5525;5327
FR010C1;Montpellier;5448;5822;5989;6017;5890
FR011C1;Saint-Etienne;5108;5341;5380;5384;5270
FR012C1;Le Havre;5669;5609;5491;5213;4907
FR013C2;Rennes;4866;4808;4584;4386;4111
FR014C2;Amiens;5061;5015;4898;4641;4353
FR016C1;Nancy;5843;5902;5791;5658;5353
FR017C2;Metz;4008;3968;3859;3708;3491
FR018C1;Reims;6498;6507;6280;6106;5751
FR019C1;Orléans;3744;3829;3773;3820;3688
FR020C2;Dijon;5485;5465;5252;5082;4759
FR021C2;Poitiers;3296;3332;3237;3158;2997
FR022C2;Clermont-Ferrand;4837;4945;4870;4808;4629
FR023C2;Caen;4312;4528;4519;4587;4325
FR024C2;Limoges;3890;3919;3935;3960;3755
FR025C1;Besançon;3563;3565;3485;3429;3247
FR026C2;Grenoble;7127;7411;7471;7336;7092
FR027C1;Ajaccio;5184;5240;5026;4855;4469
FR032C2;Toulon;5110;5230;5245;5232;5138
FR034C2;Valenciennes;2963;3320;3487;3734;3784
FR035C2;Tours;4671;4806;4730;4672;4428
FR036C2;Angers;4338;4684;4790;4927;4767
FR037C1;Brest;4790;5210;5273;5402;5204
FR038C2;Le Mans;5099;5494;5618;5836;5653
FR039C2;Avignon;3503;3769;3889;4123;4170
FR040C2;Mulhouse;4799;5083;5207;5299;5239
FR042C1;Dunkerque;4221;4479;4553;4623;4554
FR043C2;Perpignan;3971;4451;4697;4962;4989
FR044C2;Nimes;4485;4633;4724;4908;4885
FR045C2;Pau;4637;5023;5113;5318;5191
FR046C2;Bayonne;3269;3616;3717;3923;3861
FR047C2;Annemasse;4257;4709;4902;5141;5140
FR048C1;Annecy;5469;5960;6125;6320;6237
FR049C2;Lorient;2904;3324;3430;3660;3630
FR050C2;Montbelliard;2244;2450;2519;2723;2676
FR051C2;Troyes;4148;4346;4269;4341;4181
FR052C2;Saint-Nazaire;2863;3203;3366;3674;3684
FR053C1;La Rochelle;3253;3501;3509;3603;3477
FR056C1;Angoulème;2446;2777;2891;3183;3215
FR057C2;Boulogne-sur-mer;4343;4633;4722;4783;4702
FR058C2;Chambery;3898;4388;4598;4886;4913
FR059C2;Chalon-sur-Saône;2884;3038;3010;3123;3058
FR060C2;Chartres;2965;3255;3293;3494;3455
FR061C2;Niort;2175;2532;2621;2861;2819
FR062C1;Calais;4702;4943;4998;5024;4917
FR063C2;Béziers;4444;5202;5612;6164;6287
FR064C2;Arras;3212;3536;3683;3881;3915
FR065C2;Bourges;2955;3213;3244;3410;3309
FR066C1;Saint-Brieuc;2323;2710;2814;3028;2995
FR067C2;Quimper;2864;3309;3416;3682;3608
FR068C2;Vannes;2189;2549;2646;2850;2871
FR069C1;Cherbourg;3971;4288;4340;4532;4308
FR073C2;Tarbes;3568;4072;4247;4652;4673
FR074C2;Compiègne;3904;4129;4170;4244;4110
FR076C2;Belfort;3687;3816;3793;3834;3665
FR077C1;Roanne;3131;3529;3730;4026;4091
FR079C2;Saint-Quentin;3842;4181;4274;4453;4363
FR082C2;Beauvais;3471;3623;3619;3650;3514
FR084C1;Creil;5927;6173;6207;6234;6024
FR086C2;Evreux;2796;3040;3113;3237;3193
FR090C2;Châteauroux;2731;3023;3079;3292;3212
FR093C2;Brive-la-Gaillarde;2754;3214;3462;4002;4020
FR096C2;Albi;2381;2876;3052;3497;3597
FR099C1;Fréjus;3301;3423;3457;3503;3466
FR104C2;Châlons-en-Champagne;3102;3377;3373;3538;3455
FR201C1;Aubagne;2610;2826;2893;3055;3103
FR202C1;Aix-en-Provence;3292;3353;3334;3340;3294
FR203C1;Marseille;9117;9125;9036;8803;8515
FR205C2;Nice;8572;8602;8522;8274;8004
FR206C1;CA de Sophia-Antipolis;3208;3530;3687;3986;4089
FR207C1;Lens - Liévin;2522;2732;2820;2932;2950
FR208C1;Hénin - Carvin;2641;2849;2933;3062;3069
FR209C2;Douai;2232;2346;2375;2419;2392
FR210C1;Marne la Vallée;6201;6046;5980;5906;5887
FR211C1;Versailles;6223;6359;6326;6317;6310
FR212C1;CC de la Boucle de la Seine;6419;6746;7030;7410;7614
FR213C1;Sénart en Essonne;2177;2384;2530;2733;2698
FR214C1;Valence;3859;4430;4683;5082;5149
FR215C2;Rouen;4720;4982;5049;5132;5006
FR216C1;CA Marne et Chantereine;4334;4568;4719;4955;5130
FR217C1;CA des deux Rives de la Seine;2703;2742;2814;2851;2881
FR218C1;CC des Coteaux de la Seine;3681;3999;4269;4599;4792
FR219C1;CA Europ' Essonne;5919;6024;6119;6291;6396
FR220C1;CA Brie Francilienne;4806;5162;5465;5728;5826
FR221C1;CA les Portes de l'Essonne;4447;4977;5374;5937;6288
FR222C1;CA Val et Forêt;5505;5775;6028;6305;6449
FR223C1;CC de l'Ouest de la Plaine de France;3589;3783;3948;4279;4496
FR224C1;CA le Parisis;4010;4385;4694;5114;5338
FR304C1;Melun;4123;4208;4294;4308;4294
FR305C1;Meaux;3436;3509;3563;3523;3488
FR306C1;Mantes en Yvelines;4199;4231;4276;4210;4167
FR308C1;Evry;5866;5994;6134;6169;6153
FR309C1;CA du Plateau de Saclay;3261;3563;3729;4020;4218
FR310C1;CA de Seine Essonne;3895;4085;4279;4496;4445
FR311C1;CA du Val d'Irge;4573;4918;5198;5570;5767
FR312C1;CA du Val d'Yerres;4727;4932;5140;5403;5617
FR313C1;CA Sénart - Val de Seine;4869;5271;5574;5843;5950
FR322C1;CA Val de France;11100;10890;10880;10486;10320
FR323C1;CA de la Vallée de Montmorency;5867;6413;6840;7397;7729
FR324C1;Martigues;3033;3323;3472;3791;3913
FR501C1;Argenteuil - Bezons;6930;7239;7534;7804;7979
FR504C1;Cergy-Pontoise;4431;4498;4603;4618;4643
FR505C1;Charleville-Mézières;2891;3050;2991;3038;2906
FR506C1;Colmar;4533;4840;4971;5084;5023
FR512C1;CA des Lacs de l'Essonne;7696;8004;8330;8620;8829
FR518C1;Saint-Quentin en Yvelines;4890;5069;5240;5363;5402
HR001C1;Zagreb;4041;4254;4145;4225;4078
HR002C1;Rijeka;2045;2248;2242;2327;2241
HR003C1;Slavonski Brod;1511;1694;1684;1784;1722
HR004C1;Osijek;1653;1869;1863;2000;1946
HR005C1;Split;2152;2329;2322;2377;2279
HU001C1;Budapest;7521;7650;7803;7724;7621
HU002C1;Miskolc;3181;3059;2864;2612;2347
HU003C1;Nyíregyháza;1646;1913;2009;2108;2060
HU004C1;Pécs;2736;2755;2702;2598;2426
HU005C1;Debrecen;2645;2900;2960;2977;2827
HU006C1;Szeged;3033;3110;3108;3062;2915
HU007C1;Gyõr;2232;2386;2416;2449;2383
HU008C1;Kecskemét;1406;1574;1645;1750;1749
HU009C1;Székesfehérvár;2805;2974;3036;3087;2998
HU010C1;Szombathely;3788;3817;3737;3614;3413
IE001K1;Dublin;4732;4938;4902;5087;5239
IE002C1;Cork;3905;4093;4052;4251;4403
IE003C1;Limerick;4023;4438;4494;4983;5306
IE004C1;Galway;3022;3250;3309;3606;3764
IE005C1;Waterford;2898;3059;3027;3184;3288
IT001C1;Roma;5050;5709;6012;6412;6562
IT002K1;Milano;8405;8717;8800;8724;8632
IT003K1;Napoli;8207;8652;8627;8605;8270
IT004C1;Torino;11480;11755;11743;11631;11435
IT005C1;Palermo;8212;8498;8431;8314;7991
IT006C1;Genova;8171;8635;8770;8924;8869
IT007C1;Firenze;7614;8192;8268;8452;8331
IT008C1;Bari;6204;6664;6642;6764;6519
IT009C1;Bologna;8792;9368;9760;10002;10046
IT010C1;Catania;7206;7733;7835;8054;7890
IT011C1;Venezia;5203;5353;5317;5249;5095
IT012C1;Verona;3867;4078;4097;4139;4086
IT013C1;Cremona;3885;4266;4431;4608;4649
IT014C1;Trento;3108;3568;3663;3851;3903
IT015C1;Trieste;6911;6988;6990;6748;6570
IT016C1;Perugia;1254;1520;1640;1852;1959
IT017C1;Ancona;5014;5685;5842;6218;6212
IT019C1;Pescara;5627;6525;6793;7398;7452
IT020C1;Campobasso;2312;3228;3429;4111;4339
IT021C1;Caserta;4214;4547;4630;4819;4734
IT022C1;Taranto;4806;5344;5401;5679;5524
IT023C1;Potenza;1567;2353;2452;3039;3259
IT024C1;Catanzaro;2021;2286;2324;2442;2418
IT025C1;Reggio di Calabria;3188;3823;3925;4270;4275
IT026C1;Sassari;1517;1800;1843;2006;1999
IT027C1;Cagliari;7666;8268;8089;8171;7975
IT028C1;Padova;4637;5017;5128;5332;5342
IT029C1;Brescia;4237;4414;4517;4523;4505
IT030C1;Modena;3994;4617;4964;5403;5603
IT031C1;Foggia;6188;6750;6693;6842;6515
IT032C1;Salerno;5244;5558;5534;5538;5314
IT033C1;Piacenza;5120;6054;6542;7330;7695
IT034C1;Bolzano;8693;10386;10563;11127;11189
IT035C1;Udine;3338;3656;3755;3964;4034
IT036C1;La Spezia;5650;5950;6027;6217;6200
IT037C1;Lecce;3189;3933;4162;4754;4777
IT038C1;Barletta;7138;7987;8054;8441;8239
IT039C1;Pesaro;5413;6266;6502;7126;7203
IT040C1;Como;5871;6350;6574;6854;6969
IT041C1;Pisa;3101;3862;4156;4926;5117
IT042C1;Treviso;4569;5165;5366;5823;5928
IT043C1;Varese;5496;5892;6054;6257;6339
IT044C1;Busto Arsizio;5188;5885;6191;6691;6903
IT045C1;Asti;5159;5991;6319;7048;7299
IT046C1;Pavia;4705;5234;5441;5769;5894
IT047C1;Massa;3369;4063;4331;4972;5155
IT048C1;Cosenza;8403;9799;10018;10712;10687
IT049C1;Carrara;3853;4330;4472;4809;4852
IT050C1;Benevento;2367;2842;2997;3536;3627
IT051C1;Sanremo;3857;4302;4506;4853;4979
IT052C1;Savona;5888;6410;6616;7010;7097
IT053C1;Vigevano;4864;5549;5808;6290;6469
IT054C1;Matera;4017;6000;6200;7485;8025
IT055C1;Viareggio;3678;4179;4332;4718;4795
IT056C1;Acireale;3693;3925;3973;4053;3960
IT057C1;Avellino;6494;7272;7508;7997;7922
IT058C1;Pordenone;3744;4025;4145;4311;4343
IT059C1;Biella;4854;5286;5440;5739;5842
IT060C1;Lecco;4562;4960;5137;5382;5479
IT501C1;Messina;4000;4359;4440;4658;4585
IT502C1;Prato;5828;6736;7004;7649;7753
IT503C1;Parma;3948;4724;5103;5768;6051
IT504C1;Livorno;7177;8308;8641;9438;9564
IT505C1;Reggio nell'Emilia;3739;4524;4912;5603;5897
IT506C1;Ravenna;2121;2621;2899;3424;3653
IT507C1;Ferrara;3729;4601;5067;5873;6256
IT508C1;Rimini;4477;5332;5790;6525;6882
IT509C1;Siracusa;2886;3267;3395;3740;3745
IT511C1;Bergamo;5419;5684;5783;5848;5846
IT512C1;Forlì;4003;4880;5317;6100;6441
IT513C1;Latina;3919;4538;4855;5290;5455
IT514C1;Vicenza;3992;4469;4614;4969;5042
IT515C1;Terni;5557;6517;6812;7368;7557
IT516C1;Novara;5364;6108;6405;6986;7198
LT001C1;Vilnius;2574;2427;2102;2075;2035
LT002C1;Kaunas;3538;3318;2852;2822;2786
LT003C1;Panevežys;3664;3461;2990;2975;2944
LT004C1;Alytus;3702;3457;2941;2867;2779
LT501C1;Klaipeda;4848;4516;3856;3753;3654
LT502C1;Šiauliai;2911;2848;2501;2599;2633
LU001C1;Luxembourg;3613;4524;5172;5587;5685
LV001C1;Riga;4783;4597;4106;4128;3995
LV002C1;Liepaja;4002;3996;3616;3800;3729
LV003C1;Jelgava;3183;3296;3063;3371;3380
LV501C1;Daugavpils;3053;3047;2758;2888;2830
MT001C1;Valletta;5315;5458;5457;5271;5133
NL001C1;'s-Gravenhage;9001;9104;9217;9042;8846
NL002K1;Amsterdam;8788;8857;8981;8800;8574
NL003K1;Rotterdam;6942;7115;7254;7232;7124
NL004C1;Utrecht;7261;7415;7554;7512;7384
NL005C1;Eindhoven;4721;4785;4777;4672;4489
NL006C1;Tilburg;4955;4882;4802;4558;4308
NL007C1;Groningen;5732;5641;5551;5320;5036
NL008C1;Enschede;4294;4405;4411;4430;4267
NL009C1;Arnhem;4626;4736;4743;4707;4530
NL010C1;Heerlen;3240;3164;3046;2838;2616
NL011C1;Almere;4542;4719;4867;4829;4662
NL012C1;Breda;3781;3748;3693;3522;3341
NL013C1;Nijmegen;5082;5238;5257;5239;5042
NL014C1;Apeldoorn;3788;3806;3764;3636;3464
NL015C1;Leeuwarden;4444;4469;4294;4118;3826
NL016C1;Sittard-Geleen;2944;3244;3313;3433;3366
NL017C1;Delft;7065;7187;7304;7250;7099
NL018C1;Hilversum;5751;6235;6570;6927;7016
NL020C1;Roosendaal;3719;4163;4349;4653;4666
NL022C1;Leidschendam-Voorburg;5592;5929;6130;6270;6226
NL023C1;Purmerend;5228;5569;5825;6002;6025
NL025C1;Velsen;5138;5596;5931;6290;6391
NL026C1;Alphen aan den Rijn;5128;5263;5375;5382;5307
NL028C1;Bergen op Zoom;3859;4114;4199;4311;4235
NL029C1;Katwijk;5399;5418;5475;5350;5214
NL030C1;Gouda;5574;6056;6378;6766;6880
NL031C1;Hoorn;3491;3591;3708;3714;3679
NL032C1;Middelburg;3253;3169;3008;2799;2552
NL501C1;Haarlem;7169;7512;7802;7945;7941
NL503C1;'s-Hertogenbosch;3990;4143;4183;4196;4081
NL504C1;Amersfoort;4873;5099;5254;5345;5324
NL505C1;Maastricht;4260;4312;4219;4066;3827
NL506C1;Dordrecht;6175;6741;7106;7536;7659
NL507C1;Leiden;7206;7471;7670;7769;7701
NL508C1;Haarlemmermeer;4524;4760;4909;4991;4956
NL509C1;Zoetermeer;5602;5776;5913;5943;5869
NL511C1;Zwolle;4043;4277;4350;4495;4397
NL512C1;Ede;3703;4022;4103;4321;4242
NL513C1;Deventer;4341;4703;4820;5108;5031
NL514C1;Alkmaar;4970;5358;5661;5956;6061
NL515C1;Venlo;3333;3567;3600;3669;3576
NL516C1;Helmond;3888;4207;4337;4501;4455
NL517C1;Hengelo;3937;4186;4273;4439;4349
NL519C1;Almelo;3710;3940;4015;4165;4078
NL520C1;Lelystad;3625;4116;4437;4821;4864
PL001C1;Warszawa;5856;6315;6277;6327;6134
PL002C1;Lódz;5223;5274;5021;4837;4503
PL003C1;Kraków;4600;4936;4857;4746;4575
PL004C1;Wroclaw;4900;5073;4915;4789;4621
PL005C1;Poznan;4742;5162;5195;5215;5037
PL006C1;Gdansk;4253;4537;4474;4448;4329
PL007C1;Szczecin;4730;5012;4885;4799;4551
PL008C1;Bydgoszcz;5919;6524;6550;6639;6347
PL009C1;Lublin;5148;5435;5326;5266;4959
PL010K1;Górnośląski Związek Metropolitalny - Katowice;4149;4322;4163;3999;3762
PL011C1;Bialystok;5121;5395;5303;5195;4893
PL012C1;Kielce;4277;4488;4336;4247;3942
PL013C1;Torun;4504;4921;4928;4956;4729
PL014C1;Olsztyn;5133;5574;5495;5538;5249
PL015C1;Rzeszów;3419;3665;3651;3606;3490
PL016C1;Opole;3028;3434;3383;3415;3289
PL017C1;Gorzów Wielkopolski;3855;4144;4100;4133;3976
PL018C1;Zielona Góra;5142;5470;5394;5422;5188
PL019C1;Jelenia Góra;2774;2910;2839;2810;2742
PL020C1;Nowy Sacz;3193;3471;3433;3411;3310
PL021C1;Suwalki;3997;4734;4940;5294;5245
PL022C1;Konin;3080;3362;3391;3422;3322
PL023C1;Zory;1715;1830;1793;1782;1722
PL024C1;Czestochowa;2739;2947;2898;2896;2795
PL025C1;Radom;3818;4085;4039;4039;3930
PL026C1;Plock;4333;4702;4670;4716;4581
PL027C1;Kalisz;3608;4226;4423;4719;4778
PL028C1;Koszalin;4880;5128;4971;4851;4561
PL029C1;Slupsk;5721;6389;6417;6669;6572
PL030C1;Jastrzebie-Zdrój;1733;1773;1696;1641;1556
PL031C1;Siedlce;4805;5608;5775;6226;6239
PL032C1;Piotrków Trybunalski;3888;4524;4603;5004;4947
PL033C1;Lubin;5704;6153;6066;6122;6004
PL034C1;Pila;4112;5057;5391;5854;5935
PL035C1;Inowroclaw;5623;6661;6945;7426;7351
PL036C1;Ostrowiec Swietokrzyski;3666;4159;4126;4300;4069
PL037C1;Gniezno;4059;4996;5293;5801;5869
PL038C1;Stargard Szczecinski;5046;5318;5159;5094;4912
PL039C1;Ostrów Wielkopolski;2843;3274;3400;3572;3560
PL040C1;Przemysl;4115;4499;4472;4494;4334
PL041C1;Zamosc;4289;4831;4833;5074;4886
PL042C1;Chelm;4265;4912;4953;5287;5140
PL043C1;Pabianice;4411;4633;4491;4501;4273
PL044C1;Glogów;4885;5316;5266;5337;5260
PL045C1;Stalowa Wola;4590;5037;5030;5035;4870
PL046C1;Tomaszów Mazowiecki;3400;3533;3354;3329;3125
PL047C1;Lomza;4976;5865;6057;6458;6342
PL048C1;Leszno;4397;5526;5926;6556;6655
PL049C1;Swidnica;5257;5779;5743;5914;5849
PL050C1;Zgierz;3392;4041;4168;4570;4579
PL051C1;Tczew;5083;5598;5593;5752;5645
PL052C1;Elk;6004;6805;6824;7170;6913
PL501C1;Gdynia;4643;4884;4788;4700;4529
PL506C1;Bielsko-Biala;3178;3334;3233;3183;3041
PL508C1;Rybnik;1683;1756;1704;1692;1620
PL511C1;Walbrzych;3783;3946;3826;3784;3672
PL512C1;Elblag;5450;6254;6351;6764;6568
PL513C1;Wloclawek;5502;6102;6170;6347;6082
PL514C1;Tarnów;4676;5324;5388;5530;5446
PL516C1;Legnica;5400;5975;5937;6097;6033
PL517C1;Grudziadz;3898;4503;4634;4908;4790
PT001K1;Lisboa;7550;7578;7494;7345;7195
PT002K1;Porto;4979;5179;5112;5014;4570
PT003C1;Braga;4342;4518;4443;4332;3923
PT005C1;Coimbra;2349;2401;2354;2355;2190
PT006C1;Setúbal;7488;7437;7275;6987;6761
PT008C1;Aveiro;1717;1759;1722;1740;1620
PT009C1;Faro;4885;4744;4682;4541;4305
PT014C1;Viseu;1634;1825;1840;2033;1928
PT016C1;Viana do Castelo;1760;1954;1936;2044;1891
PT017C1;Paredes;1260;1295;1224;1246;1126
PT019C1;Póvoa de Varzim;3487;3673;3663;3606;3304
PT501C1;Sintra;10715;10931;10799;10600;10318
PT505C1;Guimarães;2050;2236;2218;2332;2156
PT508C1;Vila Franca de Xira;5930;5997;5906;5756;5613
RO001C1;Bucuresti;13587;13225;12838;12318;11773
RO002C1;Cluj-Napoca;7229;7083;6851;6552;6103
RO003C1;Timisoara;6142;5850;5624;5305;4940
RO004C1;Craiova;8192;7642;7435;7274;6797
RO005C1;Braila;10015;8894;8511;8090;7554
RO006C1;Oradea;6461;6328;6114;5850;5455
RO007C1;Bacau;7664;6792;6637;6287;5832
RO008C1;Arad;4210;4164;4100;4024;3820
RO009C1;Sibiu;5853;5558;5372;5127;4798
RO010C1;Târgu Mures;6579;6256;6081;5824;5482
RO011C1;Piatra Neamt;5017;4426;4305;4051;3745
RO012C1;Calarasi;5645;5754;5731;5747;5644
RO013C1;Giurgiu;4821;4969;4974;5039;4990
RO014C1;Alba Iulia;3494;3389;3339;3284;3134
RO015C1;Focsani;7569;6764;6490;6219;5839
RO016C1;Târgu Jiu;5029;4714;4608;4526;4250
RO017C1;Tulcea;8198;7389;7123;6889;6505
RO018C1;Târgoviste;7593;7672;7594;7569;7382
RO019C1;Slatina;7111;6655;6496;6393;5983
RO020C1;Bârlad;8563;7812;7819;7747;7315
RO021C1;Roman;7758;7055;7021;6923;6532
RO022C1;Bistrita;4644;4739;4696;4671;4451
RO501C1;Constanta;9236;8148;7748;7306;6774
RO502C1;Iasi;8669;7824;7753;7548;7082
RO503C1;Galati;11026;9792;9344;8864;8264
RO504C1;Brasov;9602;9256;8961;8540;7860
RO505C1;Ploiesti;8466;8605;8565;8629;8475
RO506C1;Pitesti;9217;9057;8823;8562;8227
RO507C1;Baia Mare;7751;7591;7370;7067;6600
RO508C1;Buzau;8009;7245;7022;6859;6509
RO509C1;Satu Mare;5264;5347;5300;5255;5005
RO510C1;Botosani;9760;8823;8758;8548;8014
RO511C1;Râmnicu Vâlcea;5226;4940;4874;4871;4598
RO512C1;Suceava;4969;4631;4725;4803;4620
RO513C1;Drobeta-Turnu Severin;10324;9632;9393;9166;8564
SE001K1;Stockholm;5300;5334;5482;5298;5227
SE002C1;Göteborg;4114;4085;4149;4018;3959
SE003C1;Malmö;6561;6451;6553;6280;6006
SE004C1;Jönköping;1286;1272;1253;1237;1219
SE005C1;Umeå;1770;1882;1861;1875;1866
SE006C1;Uppsala;3453;3250;3193;2932;2793
SE007C1;Linköping;2852;2793;2809;2691;2641
SE008C1;Örebro;2936;2868;2883;2764;2720
SE501C1;Västerås;2766;2884;2981;3058;3078
SE502C1;Norrköping;3303;3298;3336;3280;3255
SE503C1;Helsingborg;3306;3472;3628;3720;3722
SE504C1;Lund;2937;3013;3118;3088;3027
SE505C1;Borås;2100;2240;2334;2421;2447
SI001C1;Ljubljana;3980;4063;4071;4112;4100
SI002C1;Maribor;3628;3697;3491;3472;3252
SK001C1;Bratislava;6025;6143;5874;5385;5021
SK002C1;Košice;7374;7295;7042;6536;6046
SK003C1;Banská Bystrica;2883;3024;2968;2863;2708
SK004C1;Nitra;2738;2852;2824;2720;2570
SK005C1;Prešov;3713;3868;3836;3733;3550
SK006C1;Žilina;3408;3556;3471;3352;3148
SK007C1;Trnava;4441;4470;4343;4043;3749
SK008C1;Trencín;2574;2696;2682;2588;2456
UK001K2;London;7814;7863;8058;7841;7821
UK002K1;Birmingham;4351;4437;4524;4518;4560
UK003C1;Leeds;4181;4238;4287;4291;4298
UK004C1;Glasgow;4641;4600;4582;4510;4434
UK005C1;Bradford;4062;4144;4199;4216;4225
UK006K1;Liverpool;4265;4251;4249;4114;4069
UK007C1;Edinburgh;4590;4500;4477;4280;4207
UK008K1;Greater Manchester;4084;4188;4238;4280;4291
UK009C1;Cardiff;4746;4629;4557;4376;4266
UK010C1;Sheffield;4216;4214;4242;4150;4136
UK011C1;Bristol;5173;5272;5382;5346;5367
UK012C1;Belfast;4989;5064;5017;4895;4800
UK013K1;Tyneside conurbation - Newcastle upon Tyne;3878;3918;3929;3910;3882
UK014K1;Leicester;4720;4691;4724;4571;4538
UK015C1;Derry;2572;2680;2647;2648;2600
UK016C1;Aberdeen;3893;4137;4291;4376;4438
UK017C1;Cambridge;4293;4270;4284;4108;4072
UK018C1;Exeter;4169;4266;4257;4239;4198
UK019C1;Lincoln;3365;3509;3564;3644;3663
UK020C1;Gravesham;3804;3991;4144;4107;4168
UK021C1;Stevenage;3710;3966;4178;4321;4459
UK022C1;Wrexham;1966;2052;2067;2110;2117
UK023K1;Portsmouth;5014;5044;5167;5063;5071
UK024C1;Worcester;3354;3463;3552;3574;3623
UK025C1;Coventry;4489;4514;4575;4493;4505
UK026C1;Kingston-upon-Hull;4632;4763;4858;4920;4963
UK027C1;Stoke-on-trent;3285;3360;3431;3412;3447
UK029K1;Greater Nottingham;4025;4034;4072;3976;3953
UK030C1;Wirral;3687;3757;3793;3734;3731
UK031C1;Bath and North East Somerset;3116;3236;3281;3293;3302
UK032C1;Thurrock;3330;3473;3579;3578;3626
UK033C1;Guildford;2421;2558;2683;2766;2862
UK034C1;Thanet;3379;3655;3844;4030;4170
UK035C1;Nuneaton and Bedworth;3123;3261;3346;3379;3433
UK038C1;Waveney;2689;2862;2933;3034;3077
UK040C1;Tunbridge Wells;2364;2473;2578;2634;2704
UK041C1;Ashford;2297;2509;2581;2717;2815
UK043C1;East Staffordshire;2535;2741;2815;2942;2975
UK044C1;Darlington;3269;3363;3375;3411;3391
UK045C1;Worthing;4366;4753;5047;5315;5498
UK046C1;Mansfield;3022;3268;3406;3601;3695
UK047C1;Chesterfield;2674;2835;2934;2997;3064
UK050C1;Burnley;3531;3660;3702;3775;3788
UK051C1;Great Yarmouth;2897;3030;3099;3145;3179
UK052C1;Woking;3193;3467;3683;3864;4021
UK053C1;Hartlepool;3653;3701;3701;3696;3657
UK054C1;Cannock Chase;3107;3350;3492;3686;3802
UK055C1;Eastbourne;4083;4380;4633;4833;4996
UK056C1;Hastings;4421;4758;5037;5270;5435
UK057C1;Hyndburn;3429;3513;3533;3562;3555
UK059C1;Redditch;2932;3142;3270;3445;3549
UK060C1;Tamworth;3477;3610;3708;3761;3817
UK061C1;Harlow;3730;3969;4182;4283;4415
UK062C1;Halton;3367;3533;3605;3695;3733
UK501C1;Kirklees;2880;3015;3085;3173;3210
UK502C1;North Lanarkshire;2521;2603;2628;2697;2682
UK503C1;Wakefield;2567;2739;2828;2955;3019
UK506C1;Doncaster;2524;2701;2786;2914;2969
UK510C1;Sunderland;4039;4066;4077;4048;4019
UK513C1;Medway;4127;4312;4471;4496;4564
UK514C1;Rotherham;2962;3057;3114;3121;3145
UK515C1;Brighton and Hove;5877;6053;6272;6291;6354
UK516C1;Plymouth;4367;4420;4398;4344;4287
UK517C1;Swansea;2875;2990;3005;3104;3107
UK518C1;Derby;4154;4286;4397;4459;4513
UK519C1;Barnsley;2280;2364;2418;2445;2475
UK520C1;Southampton;5467;5886;6229;6507;6706
UK525C1;Milton Keynes;3085;3456;3677;3961;4119
UK528C1;Northampton;4105;4280;4410;4516;4586
UK531C1;Warrington;3146;3257;3293;3353;3357
UK532C1;Luton;5126;5500;5813;6051;6250
UK533C1;York;3392;3505;3563;3611;3625
UK535C1;Swindon;3767;3887;3971;3976;4000
UK536C1;Stockton-on-Tees;3204;3307;3329;3365;3357
UK538C1;Basildon;3627;3798;3951;3981;4041
UK539C1;Bournemouth;4486;4622;4655;4612;4602
UK540C1;Wycombe;2841;3193;3420;3717;3887
UK541K1;Southend-on-Sea;4053;4291;4504;4596;4726
UK542C1;Telford and Wrekin;2646;2883;2998;3175;3258
UK543C1;North East Lincolnshire;3821;3884;3923;3941;3929
UK544C1;Chelmsford;3030;3162;3235;3248;3266
UK545C1;Peterborough;3221;3402;3493;3582;3636
UK546C1;Colchester;3003;3266;3375;3530;3631
UK548C1;Basingstoke and Deane;2784;3113;3238;3395;3482
UK549C1;Bedford;3365;3597;3657;3721;3753
UK550C1;Dundee City;3682;3843;3947;4053;4109
UK551C1;Falkirk;2255;2455;2561;2745;2829
UK552K1;Reading;3655;4020;4249;4485;4627
UK553C1;Blackpool;4591;4644;4673;4645;4619
UK554C1;Maidstone;2521;2662;2724;2754;2814
UK555C1;Poole;3299;3449;3500;3553;3569
UK556C1;Dacorum;2991;3206;3370;3451;3526
UK557C1;Blackburn with Darwen;3938;4053;4089;4138;4136
UK558C1;Newport;3179;3316;3338;3464;3470
UK559C1;Middlesbrough;4137;4169;4166;4134;4094
UK560C1;Oxford;4010;4375;4661;4917;5130
UK561C1;Torbay;3679;3795;3802;3820;3803
UK562K1;Preston;3455;3561;3592;3637;3633
UK563C1;St Albans;2855;3104;3271;3405;3486
UK564C1;Warwick;3066;3092;3117;3072;3061
UK565C1;Newcastle-under-Lyme;2742;2869;2928;2948;2974
UK566C1;Norwich;4628;4823;4939;4984;5034
UK567C1;Slough;4556;4792;5013;5018;5161
UK568C2;Cheshire West and Chester;2816;2986;3038;3156;3164
UK569C1;Ipswich;4121;4299;4406;4452;4501
UK571C1;Cheltenham;3965;4209;4367;4510;4607
UK572C1;Gloucester;3943;4152;4290;4392;4483
UK573C1;Bracknell Forest;3191;3393;3549;3621;3693
UK574C1;Lisburn;1931;2082;2069;2127;2111
UK575C1;Carlisle;2400;2551;2546;2655;2624
UK576C1;Crawley;4138;4545;4818;5102;5290
